museum,city,country
British Museum,London,UK
State Hermitage Museum,St. Petersburg,Russia
Metropolitan Museum of Art,New York,USA
National Museum of China,Beijing,China
Louvre Museum,Paris,France
Art Institute of Chicago,Chicago,USA
National Palace Museum,Taipei,Taiwan
São Paulo Museum of Art (MASP),São Paulo,Brazil
National Gallery of Australia,Canberra,Australia
Zeitz Museum of Contemporary Art Africa (MOCAA),Cape Town,South Africa
National Museum of Modern Art,Tokyo,Japan
Philadelphia Museum of Art,Philadelphia,USA
