title,author,year,country,read
1984,George Orwell,1949,,Yes
Brave New World,Aldous Huxley,1932,,Yes
Childhood's End,Arthur C. Clarke,1953,,
Dune,Frank Herbert,1965,,
Flanagan's Run,Tom McNab,1982,,
Foundation,Isaac Asimov,1951,,
Once a Runner,John L. Parker Jr.,1978,,Yes
Racing the Rain,John L. Parker Jr.,2015,,Yes
The Bolt Velocity,Victor Price,1972,,
The Fast Men,Tom McNab,1986,,
The Front Runner,Patricia Nell Warren,1974,,
The Left Hand of Darkness,Ursula K. Le Guin,1969,,
The Loneliness of the Long-Distance Runner,Alan Sillitoe,1959,,
The Moon Is a Harsh Mistress,Robert A. Heinlein,1966,,
The Rider,Tim Krabbé,1978,,
Twenty Thousand Leagues Under the Sea,Jules Verne,1870,,
1916,Morgan Llywelyn,,,Yes
2666,Roberto Bolaño,2004,Chile/Mexico,
A Farewell to Arms,Ernest Hemingway,1929,,Yes
A Grain of Wheat,Ngũgĩ wa Thiong'o,1967,Kenya,
A Sister to Scheherazade,Assia Djebar,1987,Algeria,
"Absalom, Absalom!",William Faulkner,1936,,
Adventures of Huckleberry Finn,Mark Twain,1884,,Yes
Again to Carthage,John L. Parker Jr.,2007,,Yes
All the King's Men,Robert Penn Warren,1946,,
An American Tragedy,Theodore Dreiser,1925,,
Ancillary Justice,Ann Leckie,2013,,
Anna Karenina,Leo Tolstoy,1877,Russia,
Annihilation,Jeff VanderMeer,2014,,
Arrow of God,Chinua Achebe,1964,Nigeria,
As I Lay Dying,William Faulkner,1930,,
Beloved,Toni Morrison,1987,,
Berlin Alexanderplatz,Alfred Döblin,1929,Germany,
Blindness,José Saramago,1995,Portugal,
Blood Meridian,Cormac McCarthy,1985,,
Buddenbrooks,Thomas Mann,1901,Germany,
By Night in Chile,Roberto Bolaño,2000,Chile,
Candide,Voltaire,1759,France,
Catch-22,Joseph Heller,1961,,partial
Children of Time,Adrian Tchaikovsky,2015,,
Convenience Store Woman,Sayaka Murata,2016,Japan,
Conversation in the Cathedral,Mario Vargas Llosa,1969,Peru,
Crime and Punishment,Fyodor Dostoevsky,1866,Russia,Yes
David Copperfield,Charles Dickens,1850,England,
Dead Souls,Nikolai Gogol,1842,Russia,
Disgrace,J.M. Coetzee,1999,South Africa,
Do Androids Dream of Electric Sheep?,Philip K. Dick,1968,,
Dom Casmurro,Machado de Assis,1899,Brazil,
Don Quixote,Miguel de Cervantes,1605,Spain,Partial
Doña Bárbara,Rómulo Gallegos,1929,Venezuela,
Dracula,Bram Stoker,1897,Ireland/England,
Dream of the Red Chamber,Cao Xueqin,1791,China,
East of Eden,John Steinbeck,1952,,Yes
El Señor Presidente,Miguel Ángel Asturias,1946,Guatemala,
Everything is Beautiful and Everything Hurts,Josie Shapiro,2023,,
Fahrenheit 451,Ray Bradbury,1953,,Yes
Fathers and Sons,Ivan Turgenev,1862,Russia,
Fever Dream,Samanta Schweblin,2014,Argentina,
Ficciones,Jorge Luis Borges,1944,Argentina,
Flowers for Algernon,Daniel Keyes,1966,,Yes
Frankenstein,Mary Shelley,1818,England,
Go Tell It on the Mountain,James Baldwin,1953,,
God's Bits of Wood,Ousmane Sembène,1960,Senegal,
Gone with the Wind,Margaret Mitchell,1936,,
Gravity's Rainbow,Thomas Pynchon,1973,,
Gulliver's Travels,Jonathan Swift,1726,Ireland,
Half of a Yellow Sun,Chimamanda Ngozi Adichie,2006,Nigeria,
Homegoing,Yaa Gyasi,2016,Ghana/USA,
Hopscotch,Julio Cortázar,1963,Argentina,
Houseboy,Ferdinand Oyono,1962,Cameroon,
Housekeeping,Marilynne Robinson,1980,,
Hyperion,Dan Simmons,1989,,
"I, the Supreme",Augusto Roa Bastos,1974,Paraguay,
In Search of Lost Time,Marcel Proust,1913,France,
In the Time of the Butterflies,Julia Alvarez,1994,Dominican Republic,
Invisible Man,Ralph Ellison,1952,,
Jane Eyre,Charlotte Brontë,1847,England,
Journey to the West,Wu Cheng'en,1592,China,
Kafka on the Shore,Haruki Murakami,2002,Japan,
Kindred,Octavia Butler,1979,,
Kiss of the Spider Woman,Manuel Puig,1976,Argentina,
Le Père Goriot,Honoré de Balzac,1835,France,
Les Misérables,Victor Hugo,1862,France,
Like Water for Chocolate,Laura Esquivel,1989,Mexico,
Little Women,Louisa May Alcott,1868,,
Lolita,Vladimir Nabokov,1955,,Yes
Lonesome Dove,Larry McMurtry,1985,,
Love in the Time of Cholera,Gabriel García Márquez,1985,Colombia,
Madame Bovary,Gustave Flaubert,1856,France,
Middlemarch,George Eliot,1871,England,
Midnight's Children,Salman Rushdie,1981,India,
Moby-Dick,Herman Melville,1851,,Tried
Molloy,Samuel Beckett,1951,Ireland,
My Ántonia,Willa Cather,1918,,
My Brilliant Friend,Elena Ferrante,2011,Italy,
My Name Is Red,Orhan Pamuk,1998,Turkey,
Native Son,Richard Wright,1940,,Yes
Nervous Conditions,Tsitsi Dangarembga,1988,Zimbabwe,
Neuromancer,William Gibson,1984,,
Nineteen Eighty-Four,George Orwell,1949,England,Yes
No Longer Human,Osamu Dazai,1948,Japan,
On the Road,Jack Kerouac,1957,,Yes
One Hundred Years of Solitude,Gabriel García Márquez,1967,Colombia,
Pachinko,Min Jin Lee,2017,South Korea/USA,
Pedro Páramo,Juan Rulfo,1955,Mexico,
Please Look After Mom,Shin Kyung-sook,2008,South Korea,
Pride and Prejudice,Jane Austen,1813,England,
Purple Hibiscus,Chimamanda Ngozi Adichie,2003,Nigeria,
"Rabbit, Run",John Updike,1960,,
Robinson Crusoe,Daniel Defoe,1719,England,
Romance of the Three Kingdoms,Luo Guanzhong,1522,China,
Runner 13,Amy McCulloch,2025,,
Running the Rift,Naomi Benaron,2012,,
Season of Migration to the North,Tayeb Salih,1969,Sudan,
Shantaram,Gregory David Roberts,,,
Signs Preceding the End of the World,Yuri Herrera,2009,Mexico,
Sister Carrie,Theodore Dreiser,1900,,
Slaughterhouse-Five,Kurt Vonnegut,1969,,
Sleepwalking Land,Mia Couto,1992,Mozambique,
Snow Country,Yasunari Kawabata,1937,Japan,
Snow Crash,Neal Stephenson,1992,,
So Long a Letter,Mariama Bâ,1979,Senegal,
Song of Solomon,Toni Morrison,1977,,
Station Eleven,Emily St. John Mandel,2014,,
Tender Is the Flesh,Agustina Bazterrica,2017,Argentina,
Tess of the d'Urbervilles,Thomas Hardy,1891,England,
The Adventures of Augie March,Saul Bellow,1953,,
The Age of Innocence,Edith Wharton,1920,,
The Awakening,Kate Chopin,1899,,
The Beautyful Ones Are Not Yet Born,Ayi Kwei Armah,1968,Ghana,
The Betrothed,Alessandro Manzoni,1827,Italy,
The Bluest Eye,Toni Morrison,1970,,
The Book of Choke,Kgebetli Moele,2006,South Africa,
The Book of the New Sun,Gene Wolfe,1980,,
The Brief Wondrous Life of Oscar Wao,Junot Díaz,2007,Dominican Republic/USA,
The Brothers Karamazov,Fyodor Dostoevsky,1880,Russia,
The Cairo Trilogy,Naguib Mahfouz,1956,Egypt,
The Catcher in the Rye,J.D. Salinger,1951,,Yes
The Color Purple,Alice Walker,1982,,
The Count of Monte Cristo,Alexandre Dumas,1844,France,Yes
The Death of Artemio Cruz,Carlos Fuentes,1962,Mexico,
The Devil to Pay in the Backlands,João Guimarães Rosa,1956,Brazil,
The Famished Road,Ben Okri,1991,Nigeria,
The Feast of the Goat,Mario Vargas Llosa,2000,Peru/Dominican Republic,
The Forever War,Joe Haldeman,1974,,
The God of Small Things,Arundhati Roy,1997,India,
The Grapes of Wrath,John Steinbeck,1939,,Yes
The Great Gatsby,F. Scott Fitzgerald,1925,,Yes
The Guide,R.K. Narayan,1958,India,
The Handmaid's Tale,Margaret Atwood,1985,,
The Heart Is a Lonely Hunter,Carson McCullers,1940,,
The Home and the World,Rabindranath Tagore,1916,India,
The Hour of the Star,Clarice Lispector,1977,Brazil,
The House of Mirth,Edith Wharton,1905,,
The House of the Spirits,Isabel Allende,1982,Chile,
The Illegal,Lawrence Hill,2015,,
The Informers,Juan Gabriel Vásquez,2004,Colombia,
The Invention of Morel,Adolfo Bioy Casares,1940,Argentina,
The Joy Luck Club,Amy Tan,1989,,
The Joys of Motherhood,Buchi Emecheta,1979,Nigeria,
The Kingdom of This World,Alejo Carpentier,1949,Cuba,
The Known World,Edward P. Jones,2003,USA,
The Last of the Mohicans,James Fenimore Cooper,1826,,
The Leopard,Giuseppe Tomasi di Lampedusa,1958,Italy,
The Lost Steps,Alejo Carpentier,1953,Venezuela,
The Magic Mountain,Thomas Mann,1924,Germany,
The Makioka Sisters,Jun'ichirō Tanizaki,1943,Japan,
The Man Who Could Move Clouds,Ingrid Rojas Contreras,2022,Colombia,
The Martian,Andy Weir,2011,,Yes
The Master and Margarita,Mikhail Bulgakov,1966,Russia,
The Name of the Rose,Umberto Eco,1980,Italy,
The Obscene Bird of Night,José Donoso,1970,Chile,
The Palm-Wine Drinkard,Amos Tutuola,1952,Nigeria,
The Picture of Dorian Gray,Oscar Wilde,1890,Ireland,
The Pilgrim's Progress,John Bunyan,1678,England,
The Plum in the Golden Vase,Anonymous,1610,China,
The Portrait of a Lady,Henry James,1881,,
The Posthumous Memoirs of Brás Cubas,Machado de Assis,1881,Brazil,
The Radetzky March,Joseph Roth,1932,Austria,
The Red and the Black,Stendhal,1830,France,
The Red Badge of Courage,Stephen Crane,1895,,
The Rings of Saturn,W.G. Sebald,1995,Germany,
The River Between,Ngũgĩ wa Thiong'o,1965,Kenya,
The Road,Cormac McCarthy,2006,,Yes
The Running Dream,Wendelin Van Draanen,2011,,
The Savage Detectives,Roberto Bolaño,1998,Mexico/Chile,
The Scarlet Letter,Nathaniel Hawthorne,1850,,
The Secret in Their Eyes,Eduardo Sacheri,2005,Argentina,
The Seven Madmen,Roberto Arlt,1929,Argentina,
The Shadow King,Maaza Mengiste,2019,Ethiopia,
The Slummer,Geoffrey Simpson,2021,,
The Sorrows of Young Werther,Johann Wolfgang von Goethe,1774,Germany,
The Sound and the Fury,William Faulkner,1929,,
The Stranger,Albert Camus,1942,France,
The Sun Also Rises,Ernest Hemingway,1926,,Yes
The Sympathizer,Viet Thanh Nguyen,2015,Vietnam/USA,
The Tale of Genji,Murasaki Shikibu,1010,Japan,
The Tartar Steppe,Dino Buzzati,1940,Italy,
The Temple of the Golden Pavilion,Yukio Mishima,1956,Japan,
The Three Musketeers,Alexandre Dumas,1844,France,
The Three-Body Problem,Cixin Liu,2008,,Tried
The Time Machine,H.G. Wells,1895,,
The Time of the Hero,Mario Vargas Llosa,1963,Peru,
The Tin Drum,Günter Grass,1959,Germany,
The Trial,Franz Kafka,1925,Austria,
The True Story of Ah Q,Lu Xun,1921,China,
The Tunnel,Ernesto Sabato,1948,Argentina,
The Unbearable Lightness of Being,Milan Kundera,1984,Czechia,
The Underdogs,Mariano Azuela,1915,Mexico,
The Vegetarian,Han Kang,2007,South Korea,
The White Tiger,Aravind Adiga,2008,India,
The Wind-Up Bird Chronicle,Haruki Murakami,1994,Japan,
The Witness,Juan José Saer,1984,Argentina,
The Woman in the Dunes,Kōbō Abe,1962,Japan,
Their Eyes Were Watching God,Zora Neale Hurston,1937,,
Things Fall Apart,Chinua Achebe,1958,Nigeria,
Three Trapped Tigers,Guillermo Cabrera Infante,1967,Cuba,
To Kill a Mockingbird,Harper Lee,1960,,Yes
To the Lighthouse,Virginia Woolf,1927,England,
Tom Jones,Henry Fielding,1749,England,
U.S.A. Trilogy,John Dos Passos,1930,,
Ulysses,James Joyce,1922,Ireland,
Uncle Tom's Cabin,Harriet Beecher Stowe,1852,,
Underworld,Don DeLillo,1997,,
Victory City,Salman Rushdie,,,
War and Peace,Leo Tolstoy,1869,Russia,
Water Margin,Shi Nai'an,1400,China,
Wizard of the Crow,Ngũgĩ wa Thiong'o,2006,Kenya,
Woman at Point Zero,Nawal El Saadawi,1975,Egypt,
Wuthering Heights,Emily Brontë,1847,England,
