person,profession
Arthur Brooks,Author
Ben Carlson,Finance
Ben Mezrich,Author
Ben Parkes,Running
Chuck Klosterman,Author
Claudia Goldin,
Colm Tóibín,Author
Derek Thompson,
Emily Oster,
Ethan Mollick,AI
Fredrik Backman,Author
Gary Marcus,AI
Hikaru Nakamura,
Jason Cammisa,Cars
Jay Wright,Basketball Coach
Jesse Thorn,Fashion
Jessica Nabongo,
John Grisham,Author
Kevin Kelly,Gadgets
Kyla Scanlon,
Lee Child,Author
Magnus Carlsen,Chess Player
Malcolm Gladwell,Author
Mark Bowden,Author
Michael Batnick,Finance
Michael Fisher,Gadgets
Michael Lewis,Author
Monisha Rajesh,Travel
Montana Fouts,Softball Player
Morgan Housel,Finance
Nate Silver,Podcaster
Paige Bueckers,Basketball
Peter Zeihan,
Pope Leo,Leader
Russ Roberts,Economics
Sally Rooney,Author
Sara Wheeler,
Scott Galloway,Professor / Podcaster
Stacy Sims,
Steven Hyden,Music
Tana French,Author
Thomas Friedman,Author
Tim Moore,Travel
Tom Breihan,Music
Tyler Cowen,Economist / Podcaster
Tyler Kepner,
Will Ruth,Rowing
Rob Tong,Youth Baseball Coach
Melanie Rushing,Youth Softball Coach
Dan John,Strength Coach
Doug Sosnik,Polls
Admiral James Stavridis,Military
Patrick Ruffini,Polls
Andrew Bacevich,Military
Adam Grant,
Simon Willison,
Kishore Mahbubani,
Pat McCrory,
David Zucchino,
